0.802426	731	0	udp
0.530714	307	0	udp
0.023845	94	342	udp
0.020319	110	358	udp
0.037283	124	366	udp
-	-	-	udp
0.012401	106	150	udp
0.026568	84	318	udp
0.013774	33	132	udp
0.012356	66	324	udp
0.210420	2128	3779	tcp
0.120700	2101	5155	tcp
0.265754	2128	3779	tcp
0.042313	90	338	udp
0.013594	66	281	udp
0.201926	2111	3744	tcp
0.231396	2111	3744	tcp
0.230554	2111	3744	tcp
0.233917	2111	3744	tcp
0.233339	2111	3744	tcp
0.047878	70	158	udp
0.047267	35	108	udp
0.034852	0	0	tcp
0.031136	76	252	udp
0.022730	38	119	udp
0.016633	38	119	udp
0.154607	1899	3887	tcp
0.011769	74	118	udp
0.013579	37	118	udp
0.054409	37	118	udp
0.026017	128	237	udp
0.025095	64	157	udp
0.021655	64	157	udp
0.101981	94	328	udp
0.099112	47	235	udp
0.096078	47	235	udp
0.040609	66	324	udp
0.013987	33	132	udp
0.015589	70	170	udp
0.011384	35	119	udp
0.123662	70	172	udp
0.016493	35	115	udp
0.028776	33	82	udp
0.115119	52	124	udp
0.028214	26	94	udp
0.022001	64	256	udp
0.019792	32	125	udp
0.092564	60	286	udp
0.018529	30	168	udp
0.081247	70	202	udp
0.039210	35	128	udp
0.080522	74	418	udp
0.016927	37	184	udp
0.061449	76	332	udp
0.015780	38	183	udp
0.095496	70	155	udp
0.017429	35	104	udp
0.015687	30	114	udp
0.070819	30	103	udp
0.012156	40	109	udp
0.078902	70	306	udp
0.011438	35	174	udp
0.088373	68	156	udp
0.100821	80	168	udp
0.087425	34	107	udp
0.059387	90	450	udp
0.017232	45	200	udp
0.014390	31	115	udp
0.051637	74	194	udp
0.051320	37	93	udp
0.078227	88	376	udp
0.067819	44	131	udp
0.039008	42	291	udp
0.013641	32	57	udp
0.042701	64	108	udp
0.038549	64	108	udp
0.201602	2126	10142	tcp
0.278414	2106	5148	tcp
0.279335	2106	5148	tcp
0.022634	66	167	udp
0.012522	33	104	udp
0.047461	72	360	udp
0.011771	36	123	udp
0.047078	29	124	udp
0.055119	80	278	udp
0.042514	40	168	udp
0.033438	66	398	udp
0.019375	33	196	udp
0.044044	66	354	udp
0.040631	33	117	udp
0.018394	32	127	udp
0.051531	74	310	udp
0.039490	37	180	udp
0.245100	2108	4566	tcp
0.176442	2097	7078	tcp
0.047349	66	110	udp
0.032156	33	90	udp
0.046746	70	114	udp
0.033152	35	60	udp
0.041005	42	67	udp
0.035708	72	116	udp
0.030290	36	93	udp
0.036062	84	128	udp
0.033225	42	99	udp
0.039894	92	136	udp
0.041638	46	96	udp
0.255696	2118	4575	tcp
0.092233	66	110	udp
0.028226	33	83	udp
0.051321	88	132	udp
0.036748	44	101	udp
0.432177	2119	4549	tcp
0.054531	60	148	udp
0.053878	30	103	udp
0.099066	80	168	udp
0.011652	40	109	udp
0.022609	84	333	udp
0.040080	108	356	udp
5.004215	99	179	udp
0.075052	66	502	udp
5.095547	120	210	udp
5.083503	120	188	udp
0.042833	30	94	udp
5.078064	124	445	udp
5.098620	168	774	udp
-	-	-	udp
0.038793	86	235	udp
0.017951	43	128	udp
0.074046	70	306	udp
0.017798	35	174	udp
0.038681	68	156	udp
0.036483	34	107	udp
0.029710	33	82	udp
5.032312	116	384	udp
5.033766	128	393	udp
0.012723	86	183	udp
0.023580	33	82	udp
0.054951	74	342	udp
0.011176	45	200	udp
0.046301	90	466	udp
0.011065	31	115	udp
0.012847	96	309	udp
5.071477	168	215	udp
0.117029	441	4251	tcp
0.041256	58	146	udp
0.036674	36	109	udp
0.034249	29	61	udp
0.014556	62	151	udp
0.011564	74	194	udp
0.011950	37	93	udp
0.073721	88	376	udp
0.011216	44	131	udp
0.041482	84	536	udp
0.037090	42	291	udp
0.012140	66	167	udp
0.012061	33	104	udp
0.013336	36	123	udp
0.083689	72	360	udp
0.040689	58	254	udp
0.012382	29	124	udp
0.679896	2739	7065588	tcp
0.122514	2097	7077	tcp
-	-	-	udp
0.036512	40	168	udp
0.012239	70	170	udp
0.011547	35	119	udp
0.036016	70	172	udp
0.033924	35	115	udp
0.012689	33	82	udp
-	-	-	udp
0.013653	26	94	udp
0.013504	32	125	udp
0.035054	64	256	udp
0.013257	33	132	udp
0.026532	66	324	udp
0.012907	30	168	udp
0.034453	60	286	udp
0.042035	70	202	udp
0.035171	35	128	udp
0.020256	37	184	udp
0.046980	74	434	udp
0.044695	76	388	udp
0.017856	38	183	udp
0.093306	70	155	udp
0.011423	35	104	udp
0.012529	30	114	udp
0.013156	66	398	udp
0.012994	33	196	udp
0.038210	66	354	udp
0.012460	33	117	udp
0.033344	64	260	udp
0.010887	32	127	udp
0.031338	74	310	udp
0.038497	37	180	udp
0.155465	2097	7078	tcp
0.061861	45	109	udp
0.015127	45	157	udp
0.030719	104	148	udp
0.034789	68	316	udp
0.076213	84	458	udp
5.004841	99	179	udp
0.067059	66	502	udp
0.077768	82	450	udp
0.068401	90	134	udp
5.004663	99	179	udp
0.071034	66	502	udp
0.059154	80	250	udp
0.066970	52	124	udp
0.041328	82	450	udp
0.347574	2118	4976	tcp
5.073476	124	445	udp
0.421986	2101	5868	tcp
0.054844	58	346	udp
0.049293	29	86	udp
0.044295	76	120	udp
0.093166	38	95	udp
0.012348	35	60	udp
0.042512	70	114	udp
0.032868	37	87	udp
0.046813	74	118	udp
0.039844	64	108	udp
0.012613	32	57	udp
0.096777	90	134	udp
0.013247	45	70	udp
0.139395	3015	25330	tcp
0.935590	2567	5997	tcp
4.571575	12520	0	udp
9.391409	15024	0	udp
9.849031	15024	0	udp
9.368866	15024	0	udp
0.294359	2484	45967	tcp
0.725530	3427	12267	tcp
9.384255	15024	0	udp
0.299177	2513	21766	tcp
10.148059	1896	0	tcp
14.888929	7785	2315498	tcp
9.572590	15024	0	udp
0.192825	2506	8295	tcp
9.627892	15024	0	udp
0.929305	4862	949286	tcp
0.414664	673	598526	tcp
19.489003	17528	0	udp
0.485153	975	6118	tcp
0.084716	944	5394	tcp
18.442721	4643	748963	tcp
18.934323	17528	0	udp
0.128126	2606	13145	tcp
6.010816	6763	367807	tcp
37.343412	3257	13093235	tcp
0.658955	2477	30816	tcp
0.525263	2374	5101	tcp
19.052177	17528	0	udp
36.515379	5039	117364	tcp
29.376077	2531	5307	tcp
18.328714	2914	86904	tcp
22.093457	3902	9231	tcp
19.029690	17528	0	udp
14.730040	31879	1072350	tcp
18.976515	17528	0	udp
30.036811	11000	101786	tcp
42.008348	301	298	tcp
19.067419	17528	0	udp
2.874391	3064	90792	tcp
0.741635	3153	7853	tcp
0.137493	2097	3734	tcp
0.218573	3221	6691	tcp
19.223191	17528	0	udp
18.994216	17528	0	udp
19.031562	17528	0	udp
0.227866	2588	10621	tcp
0.069057	663	0	tcp
0.404263	2375	1528313	tcp
19.069468	17528	0	udp
18.982676	17528	0	udp
0.151639	788	6619	tcp
19.029571	17528	0	udp
27.910634	1259	26294	tcp
0.241118	2510	7499	tcp
0.174240	2344	5083	tcp
19.002539	17528	0	udp
19.009934	17528	0	udp
21.332880	318	216	tcp
0.547845	2793	6515	tcp
18.973833	17528	0	udp
10.878972	20060	8357	tcp
19.343785	17528	0	udp
9.500679	15024	0	udp
0.343350	3064	10909	tcp
3.227582	2777	165130	tcp
0.203982	2553	5000	tcp
0.571657	2012	1187	tcp
0.323920	2662	5457	tcp
0.216743	2542	8877	tcp
9.400471	15024	0	udp
