duration,orig_bytes,resp_bytes,proto
0.802426,731.0,0.0,1
0.530714,307.0,0.0,1
0.023845,94.0,342.0,1
0.020319,110.0,358.0,1
0.037283,124.0,366.0,1
0.0,0.0,0.0,1
0.012401,106.0,150.0,1
0.026568,84.0,318.0,1
0.013774,33.0,132.0,1
0.012356,66.0,324.0,1
0.21042,2128.0,3779.0,0
0.1207,2101.0,5155.0,0
0.265754,2128.0,3779.0,0
0.042313,90.0,338.0,1
0.013594,66.0,281.0,1
0.201926,2111.0,3744.0,0
0.231396,2111.0,3744.0,0
0.230554,2111.0,3744.0,0
0.233917,2111.0,3744.0,0
0.233339,2111.0,3744.0,0
0.047878,70.0,158.0,1
0.047267,35.0,108.0,1
0.034852,0.0,0.0,0
0.031136,76.0,252.0,1
0.02273,38.0,119.0,1
0.016633,38.0,119.0,1
0.154607,1899.0,3887.0,0
0.011769,74.0,118.0,1
0.013579,37.0,118.0,1
0.054409,37.0,118.0,1
0.026017,128.0,237.0,1
0.025095,64.0,157.0,1
0.021655,64.0,157.0,1
0.101981,94.0,328.0,1
0.099112,47.0,235.0,1
0.096078,47.0,235.0,1
0.040609,66.0,324.0,1
0.013987,33.0,132.0,1
0.015589,70.0,170.0,1
0.011384,35.0,119.0,1
0.123662,70.0,172.0,1
0.016493,35.0,115.0,1
0.028776,33.0,82.0,1
0.115119,52.0,124.0,1
0.028214,26.0,94.0,1
0.022001,64.0,256.0,1
0.019792,32.0,125.0,1
0.092564,60.0,286.0,1
0.018529,30.0,168.0,1
0.081247,70.0,202.0,1
0.03921,35.0,128.0,1
0.080522,74.0,418.0,1
0.016927,37.0,184.0,1
0.061449,76.0,332.0,1
0.01578,38.0,183.0,1
0.095496,70.0,155.0,1
0.017429,35.0,104.0,1
0.015687,30.0,114.0,1
0.070819,30.0,103.0,1
0.012156,40.0,109.0,1
0.078902,70.0,306.0,1
0.011438,35.0,174.0,1
0.088373,68.0,156.0,1
0.100821,80.0,168.0,1
0.087425,34.0,107.0,1
0.059387,90.0,450.0,1
0.017232,45.0,200.0,1
0.01439,31.0,115.0,1
0.051637,74.0,194.0,1
0.05132,37.0,93.0,1
0.078227,88.0,376.0,1
0.067819,44.0,131.0,1
0.039008,42.0,291.0,1
0.013641,32.0,57.0,1
0.042701,64.0,108.0,1
0.038549,64.0,108.0,1
0.201602,2126.0,10142.0,0
0.278414,2106.0,5148.0,0
0.279335,2106.0,5148.0,0
0.022634,66.0,167.0,1
0.012522,33.0,104.0,1
0.047461,72.0,360.0,1
0.011771,36.0,123.0,1
0.047078,29.0,124.0,1
0.055119,80.0,278.0,1
0.042514,40.0,168.0,1
0.033438,66.0,398.0,1
0.019375,33.0,196.0,1
0.044044,66.0,354.0,1
0.040631,33.0,117.0,1
0.018394,32.0,127.0,1
0.051531,74.0,310.0,1
0.03949,37.0,180.0,1
0.2451,2108.0,4566.0,0
0.176442,2097.0,7078.0,0
0.047349,66.0,110.0,1
0.032156,33.0,90.0,1
0.046746,70.0,114.0,1
0.033152,35.0,60.0,1
0.041005,42.0,67.0,1
0.035708,72.0,116.0,1
0.03029,36.0,93.0,1
0.036062,84.0,128.0,1
0.033225,42.0,99.0,1
0.039894,92.0,136.0,1
0.041638,46.0,96.0,1
0.255696,2118.0,4575.0,0
0.092233,66.0,110.0,1
0.028226,33.0,83.0,1
0.051321,88.0,132.0,1
0.036748,44.0,101.0,1
0.432177,2119.0,4549.0,0
0.054531,60.0,148.0,1
0.053878,30.0,103.0,1
0.099066,80.0,168.0,1
0.011652,40.0,109.0,1
0.022609,84.0,333.0,1
0.04008,108.0,356.0,1
5.004215,99.0,179.0,1
0.075052,66.0,502.0,1
5.095547,120.0,210.0,1
5.083503,120.0,188.0,1
0.042833,30.0,94.0,1
5.078064,124.0,445.0,1
5.09862,168.0,774.0,1
0.0,0.0,0.0,1
0.038793,86.0,235.0,1
0.017951,43.0,128.0,1
0.074046,70.0,306.0,1
0.017798,35.0,174.0,1
0.038681,68.0,156.0,1
0.036483,34.0,107.0,1
0.02971,33.0,82.0,1
5.032312,116.0,384.0,1
5.033766,128.0,393.0,1
0.012723,86.0,183.0,1
0.02358,33.0,82.0,1
0.054951,74.0,342.0,1
0.011176,45.0,200.0,1
0.046301,90.0,466.0,1
0.011065,31.0,115.0,1
0.012847,96.0,309.0,1
5.071477,168.0,215.0,1
0.117029,441.0,4251.0,0
0.041256,58.0,146.0,1
0.036674,36.0,109.0,1
0.034249,29.0,61.0,1
0.014556,62.0,151.0,1
0.011564,74.0,194.0,1
0.01195,37.0,93.0,1
0.073721,88.0,376.0,1
0.011216,44.0,131.0,1
0.041482,84.0,536.0,1
0.03709,42.0,291.0,1
0.01214,66.0,167.0,1
0.012061,33.0,104.0,1
0.013336,36.0,123.0,1
0.083689,72.0,360.0,1
0.040689,58.0,254.0,1
0.012382,29.0,124.0,1
0.679896,2739.0,7065588.0,0
0.122514,2097.0,7077.0,0
0.0,0.0,0.0,1
0.036512,40.0,168.0,1
0.012239,70.0,170.0,1
0.011547,35.0,119.0,1
0.036016,70.0,172.0,1
0.033924,35.0,115.0,1
0.012689,33.0,82.0,1
0.0,0.0,0.0,1
0.013653,26.0,94.0,1
0.013504,32.0,125.0,1
0.035054,64.0,256.0,1
0.013257,33.0,132.0,1
0.026532,66.0,324.0,1
0.012907,30.0,168.0,1
0.034453,60.0,286.0,1
0.042035,70.0,202.0,1
0.035171,35.0,128.0,1
0.020256,37.0,184.0,1
0.04698,74.0,434.0,1
0.044695,76.0,388.0,1
0.017856,38.0,183.0,1
0.093306,70.0,155.0,1
0.011423,35.0,104.0,1
0.012529,30.0,114.0,1
0.013156,66.0,398.0,1
0.012994,33.0,196.0,1
0.03821,66.0,354.0,1
0.01246,33.0,117.0,1
0.033344,64.0,260.0,1
0.010887,32.0,127.0,1
0.031338,74.0,310.0,1
0.038497,37.0,180.0,1
0.155465,2097.0,7078.0,0
0.061861,45.0,109.0,1
0.015127,45.0,157.0,1
0.030719,104.0,148.0,1
0.034789,68.0,316.0,1
0.076213,84.0,458.0,1
5.004841,99.0,179.0,1
0.067059,66.0,502.0,1
0.077768,82.0,450.0,1
0.068401,90.0,134.0,1
5.004663,99.0,179.0,1
0.071034,66.0,502.0,1
0.059154,80.0,250.0,1
0.06697,52.0,124.0,1
0.041328,82.0,450.0,1
0.347574,2118.0,4976.0,0
5.073476,124.0,445.0,1
0.421986,2101.0,5868.0,0
0.054844,58.0,346.0,1
0.049293,29.0,86.0,1
0.044295,76.0,120.0,1
0.093166,38.0,95.0,1
0.012348,35.0,60.0,1
0.042512,70.0,114.0,1
0.032868,37.0,87.0,1
0.046813,74.0,118.0,1
0.039844,64.0,108.0,1
0.012613,32.0,57.0,1
0.096777,90.0,134.0,1
0.013247,45.0,70.0,1
0.139395,3015.0,25330.0,0
0.93559,2567.0,5997.0,0
4.571575,12520.0,0.0,1
9.391409,15024.0,0.0,1
9.849031,15024.0,0.0,1
9.368866,15024.0,0.0,1
0.294359,2484.0,45967.0,0
0.72553,3427.0,12267.0,0
9.384255,15024.0,0.0,1
0.299177,2513.0,21766.0,0
10.148059,1896.0,0.0,0
14.888929,7785.0,2315498.0,0
9.57259,15024.0,0.0,1
0.192825,2506.0,8295.0,0
9.627892,15024.0,0.0,1
0.929305,4862.0,949286.0,0
0.414664,673.0,598526.0,0
19.489003,17528.0,0.0,1
0.485153,975.0,6118.0,0
0.084716,944.0,5394.0,0
18.442721,4643.0,748963.0,0
18.934323,17528.0,0.0,1
0.128126,2606.0,13145.0,0
6.010816,6763.0,367807.0,0
37.343412,3257.0,13093235.0,0
0.658955,2477.0,30816.0,0
0.525263,2374.0,5101.0,0
19.052177,17528.0,0.0,1
36.515379,5039.0,117364.0,0
29.376077,2531.0,5307.0,0
18.328714,2914.0,86904.0,0
22.093457,3902.0,9231.0,0
19.02969,17528.0,0.0,1
14.73004,31879.0,1072350.0,0
18.976515,17528.0,0.0,1
30.036811,11000.0,101786.0,0
42.008348,301.0,298.0,0
19.067419,17528.0,0.0,1
2.874391,3064.0,90792.0,0
0.741635,3153.0,7853.0,0
0.137493,2097.0,3734.0,0
0.218573,3221.0,6691.0,0
19.223191,17528.0,0.0,1
18.994216,17528.0,0.0,1
19.031562,17528.0,0.0,1
0.227866,2588.0,10621.0,0
0.069057,663.0,0.0,0
0.404263,2375.0,1528313.0,0
19.069468,17528.0,0.0,1
18.982676,17528.0,0.0,1
0.151639,788.0,6619.0,0
19.029571,17528.0,0.0,1
27.910634,1259.0,26294.0,0
0.241118,2510.0,7499.0,0
0.17424,2344.0,5083.0,0
19.002539,17528.0,0.0,1
19.009934,17528.0,0.0,1
21.33288,318.0,216.0,0
0.547845,2793.0,6515.0,0
18.973833,17528.0,0.0,1
10.878972,20060.0,8357.0,0
19.343785,17528.0,0.0,1
9.500679,15024.0,0.0,1
0.34335,3064.0,10909.0,0
3.227582,2777.0,165130.0,0
0.203982,2553.0,5000.0,0
0.571657,2012.0,1187.0,0
0.32392,2662.0,5457.0,0
0.216743,2542.0,8877.0,0
9.400471,15024.0,0.0,1
